Liczba wypadków,Liczba zabitych,Liczba rannych,Rok,Warunki atmosferyczne,Rodzaj zdarzenia,Warunki atmosferyczne,Oświetlenie,Charakterystyka miejsca zdarzenia,IDKSIP zdarzenia,Godzina,Dzień,Ranny,GPS x,GPS y,Numer drogi,Obszar,Geometria drogi,Kategoria drogi 1,Rodzaj drogi,Czy w zdarzeniu był sprawca nietrzeźwy,Powiat,Gmina
1,0,1,2018,Opady deszczu,Najechanie na pieszego,Opady deszczu,Noc - droga oświetlona,Przejście dla pieszych,EWK-107474310J,5,2018-12-03,Lekko,21*32'098,51*35'382,79,Obszar zabudowany,,Droga krajowa,Jednojezdniowa dwukierunkowa,N,POWIAT KOZIENICKI,KOZIENICE - OBSZAR MIEJSKI
1,0,0,2018,Opady deszczu,Najechanie na pieszego,Opady deszczu,Noc - droga oświetlona,Przejście dla pieszych,EWK-107474310J,5,2018-12-03,Nieokreślone (puste pole),21*32'098,51*35'382,79,Obszar zabudowany,,Droga krajowa,Jednojezdniowa dwukierunkowa,N,POWIAT KOZIENICKI,KOZIENICE - OBSZAR MIEJSKI
1,1,0,2018,Opady deszczu,Najechanie na pieszego,Opady deszczu,Noc - droga oświetlona,Przejście dla pieszych,EWK-107488436R,6,2018-12-08,Nieokreślone (puste pole),22*44'494,52*08'528,19,Obszar zabudowany,Odcinek prosty,Droga krajowa,Jednojezdniowa dwukierunkowa,N,POWIAT ŁOSICKI,OLSZANKA - OBSZAR WIEJSKI
1,0,1,2018,Opady deszczu,Najechanie na pieszego,Opady deszczu,Noc - droga oświetlona,Przejście dla pieszych,EWK-107524746G,18,2018-12-22,Ciężko,21*26'487,51*28'342,787,Obszar zabudowany,Odcinek prosty,Droga wojewódzka,Jednojezdniowa dwukierunkowa,N,POWIAT RADOMSKI,PIONKI - OBSZAR MIEJSKI
1,0,0,2018,Opady deszczu,Najechanie na pieszego,Opady deszczu,Noc - droga oświetlona,Przejście dla pieszych,EWK-107524746G,18,2018-12-22,Nieokreślone (puste pole),21*26'487,51*28'342,787,Obszar zabudowany,Odcinek prosty,Droga wojewódzka,Jednojezdniowa dwukierunkowa,N,POWIAT RADOMSKI,PIONKI - OBSZAR MIEJSKI
1,0,1,2018,Opady deszczu,Najechanie na pieszego,Opady deszczu,Noc - droga oświetlona,Przejście dla pieszych,EWK-107525015A,17,2018-12-22,Lekko,22*15'278,52*10'019,P,Obszar zabudowany,Spadek,Droga powiatowa,Jednojezdniowa dwukierunkowa,N,POWIAT SIEDLCE,SIEDLCE - OBSZAR MIEJSKI
1,0,0,2018,Opady deszczu,Najechanie na pieszego,Opady deszczu,Noc - droga oświetlona,Przejście dla pieszych,EWK-107525015A,17,2018-12-22,Nieokreślone (puste pole),22*15'278,52*10'019,P,Obszar zabudowany,Spadek,Droga powiatowa,Jednojezdniowa dwukierunkowa,N,POWIAT SIEDLCE,SIEDLCE - OBSZAR MIEJSKI
1,0,1,2018,Opady deszczu,Najechanie na pieszego,Opady deszczu,Noc - droga oświetlona,Przejście dla pieszych,EWK-107529877Y,20,2018-12-25,Ciężko,21*32'445,51*35'202,79,Obszar zabudowany,,Droga krajowa,Jednojezdniowa dwukierunkowa,N,POWIAT KOZIENICKI,KOZIENICE - OBSZAR MIEJSKI
1,0,0,2018,Opady deszczu,Najechanie na pieszego,Opady deszczu,Noc - droga oświetlona,Przejście dla pieszych,EWK-107529877Y,20,2018-12-25,Nieokreślone (puste pole),21*32'445,51*35'202,79,Obszar zabudowany,,Droga krajowa,Jednojezdniowa dwukierunkowa,N,POWIAT KOZIENICKI,KOZIENICE - OBSZAR MIEJSKI
1,0,1,2018,Opady deszczu,Najechanie na pieszego,Opady deszczu,Noc - droga oświetlona,Przejście dla pieszych,EWK-107537358D,17,2018-12-27,Lekko,21*09'455,51*24'052,G530144W,Obszar zabudowany,Odcinek prosty,Droga gminna,Jednojezdniowa dwukierunkowa,N,POWIAT RADOM,RADOM - OBSZAR MIEJSKI
1,0,0,2018,Opady deszczu,Najechanie na pieszego,Opady deszczu,Noc - droga oświetlona,Przejście dla pieszych,EWK-107537358D,17,2018-12-27,Nieokreślone (puste pole),21*09'455,51*24'052,G530144W,Obszar zabudowany,Odcinek prosty,Droga gminna,Jednojezdniowa dwukierunkowa,N,POWIAT RADOM,RADOM - OBSZAR MIEJSKI
1,0,1,2018,Opady deszczu,Najechanie na pieszego,Opady deszczu,Noc - droga oświetlona,Przejście dla pieszych,EWK-107542063F,19,2018-12-28,Lekko,22*16'356,52*10'021,GMINNA,Obszar zabudowany,Odcinek prosty,Droga gminna,Jednojezdniowa dwukierunkowa,N,POWIAT SIEDLCE,SIEDLCE - OBSZAR MIEJSKI
1,0,0,2018,Opady deszczu,Najechanie na pieszego,Opady deszczu,Noc - droga oświetlona,Przejście dla pieszych,EWK-107542063F,19,2018-12-28,Nieokreślone (puste pole),22*16'356,52*10'021,GMINNA,Obszar zabudowany,Odcinek prosty,Droga gminna,Jednojezdniowa dwukierunkowa,N,POWIAT SIEDLCE,SIEDLCE - OBSZAR MIEJSKI
1,0,1,2018,Opady deszczu,Najechanie na pieszego,Opady deszczu,Noc - droga oświetlona,Przejście dla pieszych,EWK-107546658T,16,2018-12-30,Lekko,21*07'425,51*22'223,G530023W,Obszar zabudowany,Odcinek prosty; Wzniesienie,Droga gminna,Dwie jezdnie jednokierunkowe,N,POWIAT RADOM,RADOM - OBSZAR MIEJSKI
1,0,0,2018,Opady deszczu,Najechanie na pieszego,Opady deszczu,Noc - droga oświetlona,Przejście dla pieszych,EWK-107546658T,16,2018-12-30,Nieokreślone (puste pole),21*07'425,51*22'223,G530023W,Obszar zabudowany,Odcinek prosty; Wzniesienie,Droga gminna,Dwie jezdnie jednokierunkowe,N,POWIAT RADOM,RADOM - OBSZAR MIEJSKI
1,0,1,2018,Opady deszczu,Najechanie na pieszego,Opady deszczu,Światło dzienne,Jezdnia,EWK-106951690D,9,2018-05-17,Lekko,22*09'127,52*42'399,P2615W,Obszar niezabudowany,Odcinek prosty,Droga powiatowa,Jednojezdniowa dwukierunkowa,N,POWIAT OSTROWSKI,ZARĘBY KOŚCIELNE - OBSZAR WIEJSKI
1,0,0,2018,Opady deszczu,Najechanie na pieszego,Opady deszczu,Światło dzienne,Jezdnia,EWK-106951690D,9,2018-05-17,Nieokreślone (puste pole),22*09'127,52*42'399,P2615W,Obszar niezabudowany,Odcinek prosty,Droga powiatowa,Jednojezdniowa dwukierunkowa,N,POWIAT OSTROWSKI,ZARĘBY KOŚCIELNE - OBSZAR WIEJSKI
1,0,1,2018,Opady deszczu,Najechanie na pieszego,Opady deszczu,Światło dzienne,Pobocze,EWK-107535619U,10,2018-12-27,Lekko,20*43'473,51*33'108,P1109W,Obszar zabudowany,"Zakręt, łuk",Droga powiatowa,Jednojezdniowa dwukierunkowa,N,POWIAT BIAŁOBRZESKI,WYŚMIERZYCE - OBSZAR WIEJSKI
1,0,0,2018,Opady deszczu,Najechanie na pieszego,Opady deszczu,Światło dzienne,Pobocze,EWK-107535619U,10,2018-12-27,Nieokreślone (puste pole),20*43'473,51*33'108,P1109W,Obszar zabudowany,"Zakręt, łuk",Droga powiatowa,Jednojezdniowa dwukierunkowa,N,POWIAT BIAŁOBRZESKI,WYŚMIERZYCE - OBSZAR WIEJSKI
1,0,1,2018,Opady deszczu,Najechanie na pieszego,Opady deszczu,Światło dzienne,Przejście dla pieszych,EWK-106703197P,14,2018-01-29,Lekko,22*11'228,52*10'328,2,Obszar zabudowany,Odcinek prosty,Droga krajowa,Jednojezdniowa dwukierunkowa,N,POWIAT SIEDLECKI,SIEDLCE - OBSZAR WIEJSKI
1,0,0,2018,Opady deszczu,Najechanie na pieszego,Opady deszczu,Światło dzienne,Przejście dla pieszych,EWK-106703197P,14,2018-01-29,Nieokreślone (puste pole),22*11'228,52*10'328,2,Obszar zabudowany,Odcinek prosty,Droga krajowa,Jednojezdniowa dwukierunkowa,N,POWIAT SIEDLECKI,SIEDLCE - OBSZAR WIEJSKI
1,0,1,2018,Opady deszczu,Najechanie na pieszego,Opady deszczu,Światło dzienne,Przejście dla pieszych,EWK-106763743U,8,2018-02-15,Lekko,21*11'272,51*47'025,G161094W,Obszar zabudowany,Odcinek prosty,Droga gminna,Jednojezdniowa dwukierunkowa,N,POWIAT GRÓJECKI,WARKA - OBSZAR MIEJSKI
1,0,0,2018,Opady deszczu,Najechanie na pieszego,Opady deszczu,Światło dzienne,Przejście dla pieszych,EWK-106763743U,8,2018-02-15,Nieokreślone (puste pole),21*11'272,51*47'025,G161094W,Obszar zabudowany,Odcinek prosty,Droga gminna,Jednojezdniowa dwukierunkowa,N,POWIAT GRÓJECKI,WARKA - OBSZAR MIEJSKI
1,0,1,2018,Opady deszczu,Najechanie na pieszego,Opady deszczu,Światło dzienne,Przejście dla pieszych,EWK-107055479U,11,2018-06-24,Lekko,21*05'089,52*43'156,61,Obszar zabudowany,Odcinek prosty,Droga krajowa,Jednojezdniowa dwukierunkowa,N,POWIAT PUŁTUSKI,PUŁTUSK - OBSZAR MIEJSKI
1,0,0,2018,Opady deszczu,Najechanie na pieszego,Opady deszczu,Światło dzienne,Przejście dla pieszych,EWK-107055479U,11,2018-06-24,Nieokreślone (puste pole),21*05'089,52*43'156,61,Obszar zabudowany,Odcinek prosty,Droga krajowa,Jednojezdniowa dwukierunkowa,N,POWIAT PUŁTUSKI,PUŁTUSK - OBSZAR MIEJSKI
1,0,1,2018,Opady deszczu,Najechanie na pieszego,Opady deszczu,Światło dzienne,Przejście dla pieszych,EWK-107410834H,9,2018-10-25,Lekko,21*09'150,51*23'298,P5321W,Obszar zabudowany,,Droga powiatowa,Jednokierunkowa,N,POWIAT RADOM,RADOM - OBSZAR MIEJSKI
1,0,0,2018,Opady deszczu,Najechanie na pieszego,Opady deszczu,Światło dzienne,Przejście dla pieszych,EWK-107410834H,9,2018-10-25,Nieokreślone (puste pole),21*09'150,51*23'298,P5321W,Obszar zabudowany,,Droga powiatowa,Jednokierunkowa,N,POWIAT RADOM,RADOM - OBSZAR MIEJSKI
1,0,1,2018,Opady deszczu,Najechanie na pieszego,Opady deszczu,Światło dzienne,Przejście dla pieszych,EWK-107411996F,7,2018-10-29,Lekko,19*40'542,52*31'318,575,Obszar zabudowany,Odcinek prosty,Droga wojewódzka,Jednojezdniowa dwukierunkowa,N,POWIAT PŁOCK,PŁOCK - OBSZAR MIEJSKI
1,0,0,2018,Opady deszczu,Najechanie na pieszego,Opady deszczu,Światło dzienne,Przejście dla pieszych,EWK-107411996F,7,2018-10-29,Nieokreślone (puste pole),19*40'542,52*31'318,575,Obszar zabudowany,Odcinek prosty,Droga wojewódzka,Jednojezdniowa dwukierunkowa,N,POWIAT PŁOCK,PŁOCK - OBSZAR MIEJSKI
1,0,1,2018,Opady deszczu,Najechanie na pieszego,Opady deszczu,Światło dzienne,Przejście dla pieszych,EWK-107424838H,13,2018-11-04,Lekko,22*15'123,52*15'351,,Obszar zabudowany,Odcinek prosty,Nieokreślone (puste pole),Jednojezdniowa dwukierunkowa,N,POWIAT SIEDLECKI,SUCHOŻEBRY - OBSZAR WIEJSKI
1,0,0,2018,Opady deszczu,Najechanie na pieszego,Opady deszczu,Światło dzienne,Przejście dla pieszych,EWK-107424838H,13,2018-11-04,Nieokreślone (puste pole),22*15'123,52*15'351,,Obszar zabudowany,Odcinek prosty,Nieokreślone (puste pole),Jednojezdniowa dwukierunkowa,N,POWIAT SIEDLECKI,SUCHOŻEBRY - OBSZAR WIEJSKI
1,0,1,2018,Opady deszczu,Najechanie na pieszego,Opady deszczu,Światło dzienne,Przejście dla pieszych,EWK-107570966L,11,2018-12-24,Lekko,21*14'154,51*09'488,,Obszar zabudowany,Odcinek prosty,Nieokreślone (puste pole),Jednojezdniowa dwukierunkowa,N,POWIAT RADOMSKI,IŁŻA - OBSZAR MIEJSKI
1,0,0,2018,Opady deszczu,Najechanie na pieszego,Opady deszczu,Światło dzienne,Przejście dla pieszych,EWK-107570966L,11,2018-12-24,Nieokreślone (puste pole),21*14'154,51*09'488,,Obszar zabudowany,Odcinek prosty,Nieokreślone (puste pole),Jednojezdniowa dwukierunkowa,N,POWIAT RADOMSKI,IŁŻA - OBSZAR MIEJSKI
1,0,1,2018,Opady deszczu,Najechanie na pieszego,Opady deszczu,"Świt, zmrok",Jezdnia,EWK-107306583W,18,2018-09-23,Lekko,21*34'041,51*23'035,P4507W,Obszar zabudowany,Odcinek prosty,Droga powiatowa,Jednojezdniowa dwukierunkowa,T,POWIAT ZWOLEŃSKI,ZWOLEŃ - OBSZAR WIEJSKI
1,0,0,2018,Opady deszczu,Najechanie na pieszego,Opady deszczu,"Świt, zmrok",Jezdnia,EWK-107306583W,18,2018-09-23,Nieokreślone (puste pole),21*34'041,51*23'035,P4507W,Obszar zabudowany,Odcinek prosty,Droga powiatowa,Jednojezdniowa dwukierunkowa,T,POWIAT ZWOLEŃSKI,ZWOLEŃ - OBSZAR WIEJSKI
1,1,0,2018,Opady deszczu,Najechanie na pieszego,Opady deszczu,"Świt, zmrok",Jezdnia,EWK-107439974A,16,2018-11-13,Nieokreślone (puste pole),20*05'381,52*56'190,P3014W,Obszar zabudowany,Odcinek prosty,Droga powiatowa,Jednojezdniowa dwukierunkowa,T,POWIAT MŁAWSKI,RADZANÓW - OBSZAR WIEJSKI
1,0,1,2018,Opady deszczu,Najechanie na pieszego,Opady deszczu,"Świt, zmrok",Jezdnia,EWK-107542377L,16,2018-12-28,Ciężko,21*39'293,51*10'175,P1916W,Obszar niezabudowany,Odcinek prosty,Droga powiatowa,Jednojezdniowa dwukierunkowa,N,POWIAT LIPSKI,LIPSKO - OBSZAR MIEJSKI
1,0,0,2018,Opady deszczu,Najechanie na pieszego,Opady deszczu,"Świt, zmrok",Jezdnia,EWK-107542377L,16,2018-12-28,Nieokreślone (puste pole),21*39'293,51*10'175,P1916W,Obszar niezabudowany,Odcinek prosty,Droga powiatowa,Jednojezdniowa dwukierunkowa,N,POWIAT LIPSKI,LIPSKO - OBSZAR MIEJSKI
1,0,1,2018,Opady deszczu,Najechanie na pieszego,Opady deszczu,"Świt, zmrok",Przejście dla pieszych,EWK-106780267E,20,2018-03-06,Lekko,19*40'153,52*50'477,560,Obszar zabudowany,Odcinek prosty,Droga wojewódzka,Jednojezdniowa dwukierunkowa,N,POWIAT SIERPECKI,SIERPC - OBSZAR MIEJSKI
1,0,0,2018,Opady deszczu,Najechanie na pieszego,Opady deszczu,"Świt, zmrok",Przejście dla pieszych,EWK-106780267E,20,2018-03-06,Nieokreślone (puste pole),19*40'153,52*50'477,560,Obszar zabudowany,Odcinek prosty,Droga wojewódzka,Jednojezdniowa dwukierunkowa,N,POWIAT SIERPECKI,SIERPC - OBSZAR MIEJSKI
1,0,1,2018,Opady deszczu,Najechanie na pieszego,Opady deszczu,"Świt, zmrok",Przejście dla pieszych,EWK-107399030M,17,2018-10-23,Ciężko,19*40'334,52*51'279,541,Obszar zabudowany,"Zakręt, łuk",Droga wojewódzka,Jednojezdniowa dwukierunkowa,N,POWIAT SIERPECKI,SIERPC - OBSZAR MIEJSKI
1,0,0,2018,Opady deszczu,Najechanie na pieszego,Opady deszczu,"Świt, zmrok",Przejście dla pieszych,EWK-107399030M,17,2018-10-23,Nieokreślone (puste pole),19*40'334,52*51'279,541,Obszar zabudowany,"Zakręt, łuk",Droga wojewódzka,Jednojezdniowa dwukierunkowa,N,POWIAT SIERPECKI,SIERPC - OBSZAR MIEJSKI
1,0,1,2018,Opady deszczu,Najechanie na pieszego,Opady deszczu,"Świt, zmrok",Przejście dla pieszych,EWK-107527280F,15,2018-12-23,Ciężko,21*08'114,51*25'024,7,Obszar zabudowany,Odcinek prosty,Droga krajowa,Dwie jezdnie jednokierunkowe,N,POWIAT RADOM,RADOM - OBSZAR MIEJSKI
1,0,0,2018,Opady deszczu,Najechanie na pieszego,Opady deszczu,"Świt, zmrok",Przejście dla pieszych,EWK-107527280F,15,2018-12-23,Nieokreślone (puste pole),21*08'114,51*25'024,7,Obszar zabudowany,Odcinek prosty,Droga krajowa,Dwie jezdnie jednokierunkowe,N,POWIAT RADOM,RADOM - OBSZAR MIEJSKI
1,1,0,2018,"Opady śniegu, gradu",Najechanie na pieszego,"Opady śniegu, gradu",Noc - droga nieoświetlona,Jezdnia,EWK-106740923G,2,2018-02-17,Nieokreślone (puste pole),20*25'500,53*11'134,7,Obszar zabudowany,,Droga krajowa,Jednojezdniowa dwukierunkowa,N,POWIAT MŁAWSKI,WIECZFNIA KOŚCIELNA - OBSZAR WIEJSKI
1,0,1,2018,"Opady śniegu, gradu",Najechanie na pieszego,"Opady śniegu, gradu",Noc - droga nieoświetlona,"Wjazd, wyjazd z posesji, pola",EWK-106670097X,17,2018-01-11,Ciężko,19*51'016,52*34'341,P2935W,Obszar niezabudowany,Odcinek prosty,Droga powiatowa,Jednojezdniowa dwukierunkowa,N,POWIAT PŁOCKI,RADZANOWO - OBSZAR WIEJSKI
1,0,0,2018,"Opady śniegu, gradu",Najechanie na pieszego,"Opady śniegu, gradu",Noc - droga nieoświetlona,"Wjazd, wyjazd z posesji, pola",EWK-106670097X,17,2018-01-11,Nieokreślone (puste pole),19*51'016,52*34'341,P2935W,Obszar niezabudowany,Odcinek prosty,Droga powiatowa,Jednojezdniowa dwukierunkowa,N,POWIAT PŁOCKI,RADZANOWO - OBSZAR WIEJSKI
1,0,1,2018,"Opady śniegu, gradu",Najechanie na pieszego,"Opady śniegu, gradu",Noc - droga oświetlona,Przejście dla pieszych,EWK-107518542U,20,2018-12-20,Ciężko,20*52'134,51*51'365,,Obszar zabudowany,Odcinek prosty,Nieokreślone (puste pole),Jednojezdniowa dwukierunkowa,N,POWIAT GRÓJECKI,GRÓJEC - OBSZAR MIEJSKI
1,0,0,2018,"Opady śniegu, gradu",Najechanie na pieszego,"Opady śniegu, gradu",Noc - droga oświetlona,Przejście dla pieszych,EWK-107518542U,20,2018-12-20,Nieokreślone (puste pole),20*52'134,51*51'365,,Obszar zabudowany,Odcinek prosty,Nieokreślone (puste pole),Jednojezdniowa dwukierunkowa,N,POWIAT GRÓJECKI,GRÓJEC - OBSZAR MIEJSKI
1,1,0,2018,"Opady śniegu, gradu",Najechanie na pieszego,"Opady śniegu, gradu",Światło dzienne,Przejście dla pieszych,EWK-106737231G,10,2018-02-15,Nieokreślone (puste pole),21*08'483,51*24'276,P5302W,Obszar zabudowany,Odcinek prosty,Droga powiatowa,Jednojezdniowa dwukierunkowa,N,POWIAT RADOM,RADOM - OBSZAR MIEJSKI
1,0,1,2018,"Opady śniegu, gradu",Najechanie na pieszego,"Opady śniegu, gradu",Światło dzienne,Przejście dla pieszych,EWK-106798643L,13,2018-03-16,Ciężko,20*26'179,52*03'205,GMINNA,Obszar zabudowany,Odcinek prosty,Droga gminna,Jednojezdniowa dwukierunkowa,N,POWIAT ŻYRARDOWSKI,ŻYRARDÓW - OBSZAR MIEJSKI
1,0,0,2018,"Opady śniegu, gradu",Najechanie na pieszego,"Opady śniegu, gradu",Światło dzienne,Przejście dla pieszych,EWK-106798643L,13,2018-03-16,Nieokreślone (puste pole),20*26'179,52*03'205,GMINNA,Obszar zabudowany,Odcinek prosty,Droga gminna,Jednojezdniowa dwukierunkowa,N,POWIAT ŻYRARDOWSKI,ŻYRARDÓW - OBSZAR MIEJSKI
1,0,1,2018,"Opady śniegu, gradu",Najechanie na pieszego,"Opady śniegu, gradu",Światło dzienne,Przejście dla pieszych,EWK-106834857H,9,2018-03-29,Lekko,19*40'132,52*50'578,G370499W,Obszar zabudowany,,Droga gminna,Jednojezdniowa dwukierunkowa,N,POWIAT SIERPECKI,SIERPC - OBSZAR MIEJSKI
1,0,0,2018,"Opady śniegu, gradu",Najechanie na pieszego,"Opady śniegu, gradu",Światło dzienne,Przejście dla pieszych,EWK-106834857H,9,2018-03-29,Nieokreślone (puste pole),19*40'132,52*50'578,G370499W,Obszar zabudowany,,Droga gminna,Jednojezdniowa dwukierunkowa,N,POWIAT SIERPECKI,SIERPC - OBSZAR MIEJSKI
1,0,1,2018,"Opady śniegu, gradu",Najechanie na pieszego,"Opady śniegu, gradu",Światło dzienne,"Wjazd, wyjazd z posesji, pola",EWK-106824103C,7,2018-03-28,Lekko,21*09'044,51*23'077,G530041W,Obszar zabudowany,Odcinek prosty,Droga gminna,Jednojezdniowa dwukierunkowa,N,POWIAT RADOM,RADOM - OBSZAR MIEJSKI
1,0,0,2018,"Opady śniegu, gradu",Najechanie na pieszego,"Opady śniegu, gradu",Światło dzienne,"Wjazd, wyjazd z posesji, pola",EWK-106824103C,7,2018-03-28,Nieokreślone (puste pole),21*09'044,51*23'077,G530041W,Obszar zabudowany,Odcinek prosty,Droga gminna,Jednojezdniowa dwukierunkowa,N,POWIAT RADOM,RADOM - OBSZAR MIEJSKI
1,0,1,2018,Oślepiające słońce,Najechanie na pieszego,Oślepiające słońce,Światło dzienne,Jezdnia,EWK-106887891T,7,2018-04-12,Lekko,21*07'435,51*24'218,P5347W,Obszar zabudowany,Odcinek prosty,Droga powiatowa,Jednojezdniowa dwukierunkowa,N,POWIAT RADOM,RADOM - OBSZAR MIEJSKI
1,0,0,2018,Oślepiające słońce,Najechanie na pieszego,Oślepiające słońce,Światło dzienne,Jezdnia,EWK-106887891T,7,2018-04-12,Nieokreślone (puste pole),21*07'435,51*24'218,P5347W,Obszar zabudowany,Odcinek prosty,Droga powiatowa,Jednojezdniowa dwukierunkowa,N,POWIAT RADOM,RADOM - OBSZAR MIEJSKI
1,0,1,2018,Oślepiające słońce,Najechanie na pieszego,Oślepiające słońce,Światło dzienne,Jezdnia,EWK-107021832L,11,2018-06-07,Lekko,22*17'098,52*09'596,GMINNA,Obszar zabudowany,Odcinek prosty,Droga gminna,Jednojezdniowa dwukierunkowa,N,POWIAT SIEDLCE,SIEDLCE - OBSZAR MIEJSKI
1,0,0,2018,Oślepiające słońce,Najechanie na pieszego,Oślepiające słońce,Światło dzienne,Jezdnia,EWK-107021832L,11,2018-06-07,Nieokreślone (puste pole),22*17'098,52*09'596,GMINNA,Obszar zabudowany,Odcinek prosty,Droga gminna,Jednojezdniowa dwukierunkowa,N,POWIAT SIEDLCE,SIEDLCE - OBSZAR MIEJSKI
1,0,1,2018,Oślepiające słońce,Najechanie na pieszego,Oślepiające słońce,Światło dzienne,Jezdnia,EWK-107163363U,18,2018-08-08,Lekko,22*17'205,52*09'486,,Obszar zabudowany,Odcinek prosty,Nieokreślone (puste pole),Jednojezdniowa dwukierunkowa,N,POWIAT SIEDLCE,SIEDLCE - OBSZAR MIEJSKI
1,0,0,2018,Oślepiające słońce,Najechanie na pieszego,Oślepiające słońce,Światło dzienne,Jezdnia,EWK-107163363U,18,2018-08-08,Nieokreślone (puste pole),22*17'205,52*09'486,,Obszar zabudowany,Odcinek prosty,Nieokreślone (puste pole),Jednojezdniowa dwukierunkowa,N,POWIAT SIEDLCE,SIEDLCE - OBSZAR MIEJSKI
1,0,1,2018,Oślepiające słońce,Najechanie na pieszego,Oślepiające słońce,Światło dzienne,Przejście dla pieszych,EWK-106759612M,7,2018-02-26,Lekko,20*36'165,52*52'579,G121126W,Obszar zabudowany,,Droga gminna,Jednojezdniowa dwukierunkowa,N,POWIAT CIECHANOWSKI,CIECHANÓW - OBSZAR MIEJSKI
1,0,0,2018,Oślepiające słońce,Najechanie na pieszego,Oślepiające słońce,Światło dzienne,Przejście dla pieszych,EWK-106759612M,7,2018-02-26,Nieokreślone (puste pole),20*36'165,52*52'579,G121126W,Obszar zabudowany,,Droga gminna,Jednojezdniowa dwukierunkowa,N,POWIAT CIECHANOWSKI,CIECHANÓW - OBSZAR MIEJSKI
1,0,1,2018,Oślepiające słońce,Najechanie na pieszego,Oślepiające słońce,Światło dzienne,Przejście dla pieszych,EWK-106881952J,9,2018-04-07,Ciężko,20*22'571,52*37'252,G301465W,Obszar zabudowany,,Droga gminna,Jednojezdniowa dwukierunkowa,N,POWIAT PŁOŃSKI,PŁOŃSK - OBSZAR MIEJSKI
1,0,0,2018,Oślepiające słońce,Najechanie na pieszego,Oślepiające słońce,Światło dzienne,Przejście dla pieszych,EWK-106881952J,9,2018-04-07,Nieokreślone (puste pole),20*22'571,52*37'252,G301465W,Obszar zabudowany,,Droga gminna,Jednojezdniowa dwukierunkowa,N,POWIAT PŁOŃSKI,PŁOŃSK - OBSZAR MIEJSKI
1,0,1,2018,Oślepiające słońce,Najechanie na pieszego,Oślepiające słońce,Światło dzienne,Przejście dla pieszych,EWK-106915009U,17,2018-04-27,Lekko,21*08'532,51*23'291,12,Obszar zabudowany,,Droga krajowa,Dwie jezdnie jednokierunkowe,N,POWIAT RADOM,RADOM - OBSZAR MIEJSKI
1,0,0,2018,Oślepiające słońce,Najechanie na pieszego,Oślepiające słońce,Światło dzienne,Przejście dla pieszych,EWK-106915009U,17,2018-04-27,Nieokreślone (puste pole),21*08'532,51*23'291,12,Obszar zabudowany,,Droga krajowa,Dwie jezdnie jednokierunkowe,N,POWIAT RADOM,RADOM - OBSZAR MIEJSKI
1,0,1,2018,Oślepiające słońce,Najechanie na pieszego,Oślepiające słońce,Światło dzienne,Przejście dla pieszych,EWK-106979179Q,14,2018-05-30,Ciężko,21*09'312,51*24'353,P5301W,Obszar zabudowany,Odcinek prosty,Droga powiatowa,Jednojezdniowa dwukierunkowa,N,POWIAT RADOM,RADOM - OBSZAR MIEJSKI
1,0,0,2018,Oślepiające słońce,Najechanie na pieszego,Oślepiające słońce,Światło dzienne,Przejście dla pieszych,EWK-106979179Q,14,2018-05-30,Nieokreślone (puste pole),21*09'312,51*24'353,P5301W,Obszar zabudowany,Odcinek prosty,Droga powiatowa,Jednojezdniowa dwukierunkowa,N,POWIAT RADOM,RADOM - OBSZAR MIEJSKI
1,0,1,2018,Oślepiające słońce,Najechanie na pieszego,Oślepiające słońce,Światło dzienne,Przejście dla pieszych,EWK-106989774P,7,2018-06-07,Lekko,22*13'250,52*10'166,,Obszar zabudowany,Odcinek prosty,Nieokreślone (puste pole),Jednojezdniowa dwukierunkowa,N,POWIAT SIEDLECKI,SIEDLCE - OBSZAR WIEJSKI
1,0,0,2018,Oślepiające słońce,Najechanie na pieszego,Oślepiające słońce,Światło dzienne,Przejście dla pieszych,EWK-106989774P,7,2018-06-07,Nieokreślone (puste pole),22*13'250,52*10'166,,Obszar zabudowany,Odcinek prosty,Nieokreślone (puste pole),Jednojezdniowa dwukierunkowa,N,POWIAT SIEDLECKI,SIEDLCE - OBSZAR WIEJSKI
1,0,1,2018,Oślepiające słońce,Najechanie na pieszego,Oślepiające słońce,Światło dzienne,Przejście dla pieszych,EWK-107089301G,18,2018-07-06,Lekko,21*09'425,51*25'443,G530082W,Obszar zabudowany,Odcinek prosty,Droga gminna,Jednojezdniowa dwukierunkowa,N,POWIAT RADOM,RADOM - OBSZAR MIEJSKI
1,0,0,2018,Oślepiające słońce,Najechanie na pieszego,Oślepiające słońce,Światło dzienne,Przejście dla pieszych,EWK-107089301G,18,2018-07-06,Nieokreślone (puste pole),21*09'425,51*25'443,G530082W,Obszar zabudowany,Odcinek prosty,Droga gminna,Jednojezdniowa dwukierunkowa,N,POWIAT RADOM,RADOM - OBSZAR MIEJSKI
1,0,1,2018,Oślepiające słońce,Najechanie na pieszego,Oślepiające słońce,Światło dzienne,Przejście dla pieszych,EWK-107165289L,15,2018-08-09,Lekko,21*36'152,51*53'562,76,Obszar zabudowany,Odcinek prosty,Droga krajowa,Jednojezdniowa dwukierunkowa,N,POWIAT GARWOLIŃSKI,GARWOLIN - OBSZAR MIEJSKI